data,tecnologia,cenario,distancia_m,obstaculo,payload_bytes,sent,received,loss_pct,pdr_pct,rtt_min_ms,rtt_avg_ms,rtt_max_ms,rtt_stddev_ms,throughput_kbps,rtt_p50_ms,rtt_p90_ms,rtt_p95_ms,rtt_p99_ms,rssi_avg_dbm,rssi_min_dbm,rssi_amostras,link_setup_ms,heap_antes_radio,heap_pos_radio,heap_pos_link,custo_radio_bytes,custo_link_bytes,min_free_heap,observacoes
2026-09-22,ESPNOW,baseline,1,nenhum,10,100,100,0.00,100.00,1.595,1.804,5.154,0.671,44.16,1.599,1.927,2.506,5.015,-39.2,-41,10,53,374052,326232,326188,47820,44,326080,
2026-09-22,ESPNOW,baseline,1,nenhum,16,100,100,0.00,100.00,1.686,1.918,5.502,0.734,66.50,1.694,1.962,3.283,5.478,-39.3,-40,10,53,374052,326232,326188,47820,44,326080,
2026-09-22,ESPNOW,baseline,1,nenhum,32,100,100,0.00,100.00,2.029,2.272,7.565,0.834,112.32,2.062,2.270,3.048,6.948,-39.4,-42,10,53,374052,326232,326188,47820,44,326080,
2026-09-22,ESPNOW,baseline,1,nenhum,100,100,100,0.00,100.00,3.045,3.511,8.277,0.984,227.39,3.058,5.011,6.035,6.337,-39.6,-41,10,53,374052,326232,326188,47820,44,326080,
2026-09-22,ESPNOW,baseline,1,nenhum,200,100,100,0.00,100.00,4.656,5.249,8.988,1.007,304.42,4.763,6.679,7.629,8.823,-39.6,-40,10,53,374052,326232,326188,47820,44,326080,
2026-09-22,ESPNOW,baseline,1,nenhum,10,100,100,0.00,100.00,1.596,1.887,5.650,0.787,42.25,1.602,2.583,4.053,5.071,-41.2,-42,10,53,374052,326232,326188,47820,44,326080,
2026-09-22,ESPNOW,baseline,1,nenhum,16,100,99,1.00,99.00,1.686,2.263,7.732,1.151,33.84,1.873,3.817,4.652,7.326,-41.0,-43,10,53,374052,326232,326188,47820,44,326080,
2026-09-22,ESPNOW,baseline,1,nenhum,32,100,100,0.00,100.00,2.039,2.527,8.292,1.126,101.02,2.064,3.675,5.277,6.553,-41.0,-42,10,53,374052,326232,326188,47820,44,326080,
2026-09-22,ESPNOW,baseline,1,nenhum,100,100,100,0.00,100.00,3.045,3.535,7.001,0.980,225.89,3.055,5.400,5.872,6.921,-41.7,-43,10,53,374052,326232,326188,47820,44,326080,
2026-09-22,ESPNOW,baseline,1,nenhum,200,100,100,0.00,100.00,4.656,5.314,9.824,1.220,300.72,4.665,7.542,7.892,9.652,-41.6,-43,10,53,374052,326232,326188,47820,44,326080,
2026-09-22,ESPNOW,baseline,1,nenhum,10,100,100,0.00,100.00,1.594,1.784,6.022,0.632,44.68,1.599,1.873,2.479,4.615,-41.1,-42,10,53,374052,326232,326188,47820,44,326080,
2026-09-22,ESPNOW,baseline,1,nenhum,16,100,100,0.00,100.00,1.687,2.001,6.269,0.894,63.74,1.694,2.652,4.639,5.558,-41.3,-43,10,53,374052,326232,326188,47820,44,326080,
2026-09-22,ESPNOW,baseline,1,nenhum,32,100,100,0.00,100.00,2.040,2.270,5.520,0.717,112.43,2.062,2.301,4.527,5.216,-40.9,-43,10,53,374052,326232,326188,47820,44,326080,
2026-09-22,ESPNOW,baseline,1,nenhum,100,100,100,0.00,100.00,3.046,3.349,6.660,0.772,238.42,3.055,3.625,5.420,6.541,-42.0,-43,10,53,374052,326232,326188,47820,44,326080,
2026-09-22,ESPNOW,baseline,1,nenhum,200,100,100,0.00,100.00,4.652,5.268,9.762,1.127,303.31,4.690,7.073,7.586,9.548,-40.7,-42,10,53,374052,326232,326188,47820,44,326080,
2026-09-22,WIFI,baseline,1,nenhum,9,100,0,100.00,0.00,0.000,0.000,0.000,0.000,0.00,0.000,0.000,0.000,0.000,NA,NA,0,80977,370164,316000,312524,54164,3476,307588,
2026-09-22,WIFI,baseline,1,nenhum,16,100,0,100.00,0.00,0.000,0.000,0.000,0.000,0.00,0.000,0.000,0.000,0.000,NA,NA,0,80977,370164,316000,312524,54164,3476,307588,
2026-09-22,WIFI,baseline,1,nenhum,32,100,0,100.00,0.00,0.000,0.000,0.000,0.000,0.00,0.000,0.000,0.000,0.000,NA,NA,0,80977,370164,316000,312524,54164,3476,307588,
2026-09-22,WIFI,baseline,1,nenhum,9,100,100,0.00,100.00,2.069,3.637,17.796,2.233,19.69,2.914,5.845,6.894,11.013,-42.0,-42,10,2598,370468,316172,312716,54296,3456,307796,
2026-09-22,WIFI,baseline,1,nenhum,16,100,100,0.00,100.00,2.084,3.457,38.365,4.070,36.81,2.204,5.743,7.449,14.884,-41.6,-42,10,2598,370468,316172,312716,54296,3456,307796,
2026-09-22,WIFI,baseline,1,nenhum,32,100,100,0.00,100.00,2.107,4.255,100.293,9.834,59.89,2.238,5.785,7.479,11.851,-41.3,-42,10,2598,370468,316172,312716,54296,3456,307796,
2026-09-22,WIFI,baseline,1,nenhum,128,100,100,0.00,100.00,2.181,4.210,86.486,8.455,242.07,2.362,5.735,7.340,12.592,-42.0,-42,10,2598,370468,316172,312716,54296,3456,307796,
2026-09-22,WIFI,baseline,1,nenhum,512,100,100,0.00,100.00,2.553,5.955,77.472,7.690,685.37,4.398,9.461,10.687,14.878,-41.2,-42,10,2598,370468,316172,312716,54296,3456,307796,
2026-09-22,WIFI,baseline,1,nenhum,1200,100,100,0.00,100.00,3.249,7.215,108.715,10.796,1326.60,4.905,10.612,13.496,22.218,-42.0,-42,10,2598,370468,316172,312716,54296,3456,307796,
