data,hora,sessao,repeticao,tecnologia,cenario,distancia_m,obstaculo,payload_bytes,sent,received,loss_pct,pdr_pct,rtt_min_ms,rtt_avg_ms,rtt_max_ms,rtt_stddev_ms,throughput_kbps,rtt_p50_ms,rtt_p90_ms,rtt_p95_ms,rtt_p99_ms,rssi_avg_dbm,rssi_min_dbm,rssi_amostras,link_setup_ms,heap_antes_radio,heap_pos_radio,heap_pos_link,custo_radio_bytes,custo_link_bytes,min_free_heap,observacoes
2026-09-23,00:04:40,20260923T000440,1,ESPNOW,baseline,1,nenhum,16,100,100,0.00,100.00,1.879,2.053,4.954,0.452,62.12,1.966,1.974,2.029,4.836,-35.6,-36,10,54,374180,326332,326288,47848,44,326040,
2026-09-23,00:04:40,20260923T000440,1,ESPNOW,baseline,1,nenhum,32,100,100,0.00,100.00,2.131,2.253,5.762,0.466,113.29,2.145,2.211,2.768,4.363,-35.9,-36,10,54,374180,326332,326288,47848,44,326040,
2026-09-23,00:04:40,20260923T000440,1,ESPNOW,baseline,1,nenhum,100,100,100,0.00,100.00,3.204,3.329,6.084,0.493,239.83,3.210,3.234,4.058,5.680,-35.9,-36,10,54,374180,326332,326288,47848,44,326040,
2026-09-23,00:04:40,20260923T000440,1,ESPNOW,baseline,1,nenhum,200,100,100,0.00,100.00,4.817,4.973,7.292,0.472,321.31,4.820,5.113,6.058,6.858,-36.0,-36,10,54,374180,326332,326288,47848,44,326040,
2026-09-23,00:04:40,20260923T000440,2,ESPNOW,baseline,1,nenhum,16,100,100,0.00,100.00,1.876,2.129,4.878,0.550,59.92,1.967,2.107,3.334,4.705,-36.0,-36,10,54,374180,326332,326288,47848,44,326040,
2026-09-23,00:04:40,20260923T000440,2,ESPNOW,baseline,1,nenhum,32,100,100,0.00,100.00,2.133,2.244,5.021,0.464,113.75,2.145,2.154,2.361,4.960,-36.1,-37,10,54,374180,326332,326288,47848,44,326040,
2026-09-23,00:04:40,20260923T000440,2,ESPNOW,baseline,1,nenhum,100,100,100,0.00,100.00,3.204,3.350,6.723,0.598,238.28,3.210,3.235,4.017,6.119,-36.0,-36,10,54,374180,326332,326288,47848,44,326040,
2026-09-23,00:04:40,20260923T000440,2,ESPNOW,baseline,1,nenhum,200,100,100,0.00,100.00,4.815,5.023,7.811,0.651,318.09,4.820,5.110,6.738,7.734,-36.6,-37,10,54,374180,326332,326288,47848,44,326040,
2026-09-23,00:04:40,20260923T000440,3,ESPNOW,baseline,1,nenhum,16,100,100,0.00,100.00,1.959,2.073,4.814,0.466,61.51,1.967,1.998,2.474,4.762,-36.2,-37,10,54,374180,326332,326288,47848,44,326040,
2026-09-23,00:04:40,20260923T000440,3,ESPNOW,baseline,1,nenhum,32,100,100,0.00,100.00,2.133,2.229,4.937,0.417,114.51,2.146,2.153,2.236,4.451,-36.3,-37,10,54,374180,326332,326288,47848,44,326040,
2026-09-23,00:04:40,20260923T000440,3,ESPNOW,baseline,1,nenhum,100,100,100,0.00,100.00,3.204,3.322,6.104,0.489,240.34,3.210,3.254,3.414,6.083,-36.0,-36,10,54,374180,326332,326288,47848,44,326040,
2026-09-23,00:04:40,20260923T000440,3,ESPNOW,baseline,1,nenhum,200,100,100,0.00,100.00,4.815,4.982,8.573,0.521,320.71,4.820,5.172,5.796,7.024,-36.2,-37,10,54,374180,326332,326288,47848,44,326040,
2026-09-23,00:04:40,20260923T000440,4,ESPNOW,baseline,1,nenhum,16,100,100,0.00,100.00,1.952,2.076,5.472,0.462,61.44,1.967,2.036,2.646,4.177,-36.4,-37,10,54,374180,326332,326288,47848,44,326040,
2026-09-23,00:04:40,20260923T000440,4,ESPNOW,baseline,1,nenhum,32,100,100,0.00,100.00,2.133,2.240,5.020,0.436,113.92,2.146,2.153,2.599,5.014,-36.1,-37,10,54,374180,326332,326288,47848,44,326040,
2026-09-23,00:04:40,20260923T000440,4,ESPNOW,baseline,1,nenhum,100,100,100,0.00,100.00,3.204,3.303,5.744,0.405,241.72,3.210,3.345,3.413,5.641,-36.0,-36,10,54,374180,326332,326288,47848,44,326040,
2026-09-23,00:04:40,20260923T000440,4,ESPNOW,baseline,1,nenhum,200,100,100,0.00,100.00,4.814,4.959,7.811,0.500,322.17,4.820,5.005,5.664,7.685,-36.1,-37,10,54,374180,326332,326288,47848,44,326040,
2026-09-23,00:04:40,20260923T000440,5,ESPNOW,baseline,1,nenhum,16,100,100,0.00,100.00,1.956,2.036,4.787,0.383,62.64,1.967,1.975,2.021,4.443,-36.0,-36,10,54,374180,326332,326288,47848,44,326040,
2026-09-23,00:04:40,20260923T000440,5,ESPNOW,baseline,1,nenhum,32,100,100,0.00,100.00,2.133,2.238,4.709,0.406,114.03,2.145,2.204,2.422,4.387,-36.0,-36,10,54,374180,326332,326288,47848,44,326040,
2026-09-23,00:04:40,20260923T000440,5,ESPNOW,baseline,1,nenhum,100,100,100,0.00,100.00,3.204,3.384,6.686,0.664,235.97,3.210,3.294,4.977,6.426,-36.1,-37,10,54,374180,326332,326288,47848,44,326040,
2026-09-23,00:04:40,20260923T000440,5,ESPNOW,baseline,1,nenhum,200,100,100,0.00,100.00,4.815,5.004,7.803,0.585,319.28,4.820,5.278,6.090,7.748,-36.2,-37,10,54,374180,326332,326288,47848,44,326040,
2026-09-23,00:07:05,20260923T000705,1,WIFI,baseline,1,nenhum,16,100,100,0.00,100.00,2.123,4.885,11.578,1.903,26.10,4.469,7.395,8.775,10.248,-48.0,-48,10,2373,370280,315988,312528,54292,3460,307592,
2026-09-23,00:07:05,20260923T000705,1,WIFI,baseline,1,nenhum,32,100,100,0.00,100.00,2.105,3.327,39.455,3.765,76.49,2.484,4.576,4.966,7.340,-48.0,-48,10,2373,370280,315988,312528,54292,3460,307592,
2026-09-23,00:07:05,20260923T000705,1,WIFI,baseline,1,nenhum,100,100,100,0.00,100.00,2.184,3.960,15.274,1.756,201.03,3.606,6.003,6.698,7.812,-48.0,-48,10,2373,370280,315988,312528,54292,3460,307592,
2026-09-23,00:07:05,20260923T000705,1,WIFI,baseline,1,nenhum,200,100,100,0.00,100.00,2.298,3.759,30.839,3.020,423.39,3.573,5.128,5.699,9.192,-48.0,-48,10,2373,370280,315988,312528,54292,3460,307592,
2026-09-23,00:07:05,20260923T000705,1,WIFI,baseline,1,nenhum,512,100,100,0.00,100.00,2.618,4.911,64.841,6.198,830.40,4.076,6.489,7.055,9.045,-48.0,-48,10,2373,370280,315988,312528,54292,3460,307592,
2026-09-23,00:07:05,20260923T000705,1,WIFI,baseline,1,nenhum,1200,100,100,0.00,100.00,3.317,5.585,85.951,8.227,1712.81,4.161,6.952,8.301,10.599,-48.0,-48,10,2373,370280,315988,312528,54292,3460,307592,
2026-09-23,00:07:05,20260923T000705,2,WIFI,baseline,1,nenhum,16,100,100,0.00,100.00,2.075,2.895,21.625,2.061,43.94,2.178,3.637,4.595,5.827,-48.0,-48,10,2373,370280,315988,312528,54292,3460,307592,
2026-09-23,00:07:05,20260923T000705,2,WIFI,baseline,1,nenhum,32,100,100,0.00,100.00,2.112,3.738,42.264,4.088,68.13,3.442,5.074,6.455,8.331,-48.0,-48,10,2373,370280,315988,312528,54292,3460,307592,
2026-09-23,00:07:05,20260923T000705,2,WIFI,baseline,1,nenhum,100,100,100,0.00,100.00,2.190,4.164,77.032,7.416,191.24,3.466,5.002,5.815,8.472,-48.0,-48,10,2373,370280,315988,312528,54292,3460,307592,
2026-09-23,00:07:05,20260923T000705,2,WIFI,baseline,1,nenhum,200,100,100,0.00,100.00,2.289,4.405,72.063,7.087,361.66,3.499,6.325,7.821,15.311,-48.0,-48,10,2373,370280,315988,312528,54292,3460,307592,
2026-09-23,00:07:05,20260923T000705,2,WIFI,baseline,1,nenhum,512,100,100,0.00,100.00,2.623,5.014,42.855,4.108,813.70,4.225,6.865,7.951,11.861,-48.0,-48,10,2373,370280,315988,312528,54292,3460,307592,
2026-09-23,00:07:05,20260923T000705,2,WIFI,baseline,1,nenhum,1200,100,100,0.00,100.00,3.318,5.456,56.133,5.349,1753.01,4.780,7.676,8.417,10.747,-48.0,-48,10,2373,370280,315988,312528,54292,3460,307592,
2026-09-23,00:07:05,20260923T000705,3,WIFI,baseline,1,nenhum,16,100,100,0.00,100.00,2.102,3.522,91.492,8.904,36.14,2.141,3.756,4.700,9.799,-48.0,-48,10,2373,370280,315988,312528,54292,3460,307592,
2026-09-23,00:07:05,20260923T000705,3,WIFI,baseline,1,nenhum,32,100,100,0.00,100.00,2.108,3.755,49.846,4.820,67.82,3.358,4.831,6.299,10.198,-48.0,-48,10,2373,370280,315988,312528,54292,3460,307592,
2026-09-23,00:07:05,20260923T000705,3,WIFI,baseline,1,nenhum,100,100,100,0.00,100.00,2.195,4.648,83.778,8.736,171.39,3.524,5.677,6.787,37.500,-48.0,-48,10,2373,370280,315988,312528,54292,3460,307592,
2026-09-23,00:07:05,20260923T000705,3,WIFI,baseline,1,nenhum,200,100,100,0.00,100.00,2.286,3.771,29.153,2.790,422.08,3.593,4.966,5.589,8.171,-48.0,-48,10,2373,370280,315988,312528,54292,3460,307592,
2026-09-23,00:07:05,20260923T000705,3,WIFI,baseline,1,nenhum,512,100,100,0.00,100.00,2.625,4.739,65.106,6.271,860.64,4.051,6.051,7.438,10.745,-48.0,-48,10,2373,370280,315988,312528,54292,3460,307592,
2026-09-23,00:07:05,20260923T000705,3,WIFI,baseline,1,nenhum,1200,100,100,0.00,100.00,3.346,5.829,103.604,9.946,1641.42,4.875,6.796,7.885,11.748,-48.0,-48,10,2373,370280,315988,312528,54292,3460,307592,
2026-09-23,00:07:05,20260923T000705,4,WIFI,baseline,1,nenhum,16,100,100,0.00,100.00,2.091,3.543,92.527,9.005,35.93,2.137,3.848,4.983,9.345,-48.0,-48,10,2373,370280,315988,312528,54292,3460,307592,
2026-09-23,00:07:05,20260923T000705,4,WIFI,baseline,1,nenhum,32,100,100,0.00,100.00,2.097,3.311,47.885,4.580,76.87,2.233,3.637,4.746,6.926,-48.0,-48,10,2373,370280,315988,312528,54292,3460,307592,
2026-09-23,00:07:05,20260923T000705,4,WIFI,baseline,1,nenhum,100,100,100,0.00,100.00,2.176,3.733,23.552,2.301,213.20,3.505,5.115,5.797,7.748,-48.0,-48,10,2373,370280,315988,312528,54292,3460,307592,
2026-09-23,00:07:05,20260923T000705,4,WIFI,baseline,1,nenhum,200,100,100,0.00,100.00,2.279,3.972,62.704,6.004,400.93,3.573,5.026,5.360,7.307,-48.0,-48,10,2373,370280,315988,312528,54292,3460,307592,
2026-09-23,00:07:05,20260923T000705,4,WIFI,baseline,1,nenhum,512,100,100,0.00,100.00,2.612,4.957,74.525,7.152,823.13,4.097,6.793,7.233,10.158,-48.0,-48,10,2373,370280,315988,312528,54292,3460,307592,
2026-09-23,00:07:05,20260923T000705,4,WIFI,baseline,1,nenhum,1200,100,100,0.00,100.00,3.327,5.844,93.806,8.973,1637.16,4.818,6.918,8.164,10.352,-48.0,-48,10,2373,370280,315988,312528,54292,3460,307592,
2026-09-23,00:07:05,20260923T000705,5,WIFI,baseline,1,nenhum,16,100,100,0.00,100.00,2.096,2.659,13.205,1.355,47.80,2.135,3.610,4.363,6.491,-48.0,-48,10,2373,370280,315988,312528,54292,3460,307592,
2026-09-23,00:07:05,20260923T000705,5,WIFI,baseline,1,nenhum,32,100,100,0.00,100.00,2.118,3.841,56.642,5.458,66.31,3.407,4.871,5.935,8.367,-48.0,-48,10,2373,370280,315988,312528,54292,3460,307592,
2026-09-23,00:07:05,20260923T000705,5,WIFI,baseline,1,nenhum,100,100,100,0.00,100.00,2.200,4.434,82.744,7.999,179.55,3.532,5.064,6.967,11.115,-48.0,-48,10,2373,370280,315988,312528,54292,3460,307592,
2026-09-23,00:07:05,20260923T000705,5,WIFI,baseline,1,nenhum,200,100,100,0.00,100.00,2.301,3.869,48.854,4.688,411.52,3.563,5.080,5.632,8.598,-48.0,-48,10,2373,370280,315988,312528,54292,3460,307592,
2026-09-23,00:07:05,20260923T000705,5,WIFI,baseline,1,nenhum,512,100,100,0.00,100.00,2.618,4.762,71.248,6.827,856.58,4.004,6.152,7.091,9.333,-48.0,-48,10,2373,370280,315988,312528,54292,3460,307592,
2026-09-23,00:07:05,20260923T000705,5,WIFI,baseline,1,nenhum,1200,100,100,0.00,100.00,3.340,6.110,110.867,10.642,1566.17,4.927,7.802,8.189,10.131,-48.0,-48,10,2373,370280,315988,312528,54292,3460,307592,
2026-09-23,09:18:27,20260923T091827,1,BLE,baseline,1,nenhum,16,100,100,0.00,100.00,10.483,15.679,29.933,2.539,8.16,14.983,14.997,22.478,22.570,-50.5,-61,10,1580,398252,367476,358200,30776,9276,357868,
2026-09-23,09:18:27,20260923T091827,1,BLE,baseline,1,nenhum,32,100,100,0.00,100.00,14.844,15.448,22.494,1.772,16.56,14.982,14.994,22.035,22.490,-50.7,-61,10,1580,398252,367476,358200,30776,9276,357868,
2026-09-23,09:18:27,20260923T091827,1,BLE,baseline,1,nenhum,100,100,100,0.00,100.00,14.830,15.073,22.486,0.777,53.02,14.977,14.996,15.002,17.223,-48.0,-58,10,1580,398252,367476,358200,30776,9276,357868,
2026-09-23,09:18:27,20260923T091827,1,BLE,baseline,1,nenhum,200,100,100,0.00,100.00,14.839,15.004,17.954,0.297,106.52,14.979,14.994,14.995,15.042,-49.4,-60,10,1580,398252,367476,358200,30776,9276,357868,
2026-09-23,09:18:27,20260923T091827,2,BLE,baseline,1,nenhum,16,100,100,0.00,100.00,9.986,15.224,22.024,1.476,8.40,14.983,15.006,15.470,22.004,-49.3,-59,10,1580,398252,367476,358200,30776,9276,357868,
2026-09-23,09:18:27,20260923T091827,2,BLE,baseline,1,nenhum,32,100,100,0.00,100.00,14.826,15.217,22.025,1.205,16.81,14.980,14.997,15.447,22.001,-48.2,-56,10,1580,398252,367476,358200,30776,9276,357868,
2026-09-23,09:18:27,20260923T091827,2,BLE,baseline,1,nenhum,100,100,100,0.00,100.00,14.524,14.998,17.163,0.236,53.29,14.977,15.000,15.001,15.444,-49.7,-59,10,1580,398252,367476,358200,30776,9276,357868,
2026-09-23,09:18:27,20260923T091827,2,BLE,baseline,1,nenhum,200,100,100,0.00,100.00,14.371,15.075,22.006,0.762,106.02,14.977,14.999,14.999,18.027,-48.2,-58,10,1580,398252,367476,358200,30776,9276,357868,
2026-09-23,09:18:27,20260923T091827,3,BLE,baseline,1,nenhum,16,100,100,0.00,100.00,14.820,14.972,15.038,0.030,8.54,14.972,15.000,15.001,15.001,-48.2,-59,10,1580,398252,367476,358200,30776,9276,357868,
2026-09-23,09:18:27,20260923T091827,3,BLE,baseline,1,nenhum,32,100,100,0.00,100.00,14.838,15.067,22.492,0.764,16.97,14.977,14.995,14.996,16.662,-52.3,-60,10,1580,398252,367476,358200,30776,9276,357868,
2026-09-23,09:18:27,20260923T091827,3,BLE,baseline,1,nenhum,100,100,100,0.00,100.00,14.823,15.223,22.487,1.266,52.50,14.981,14.999,15.077,22.411,-47.3,-55,10,1580,398252,367476,358200,30776,9276,357868,
2026-09-23,09:18:27,20260923T091827,3,BLE,baseline,1,nenhum,200,100,100,0.00,100.00,14.827,15.230,22.501,1.310,104.95,14.980,14.996,15.001,22.484,-50.3,-60,10,1580,398252,367476,358200,30776,9276,357868,
2026-09-23,09:18:27,20260923T091827,4,BLE,baseline,1,nenhum,16,100,100,0.00,100.00,10.480,15.005,22.435,0.871,8.52,14.974,15.002,15.002,15.079,-47.6,-58,10,1580,398252,367476,358200,30776,9276,357868,
2026-09-23,09:18:27,20260923T091827,4,BLE,baseline,1,nenhum,32,100,100,0.00,100.00,14.833,14.992,16.602,0.164,17.06,14.980,14.993,14.996,15.016,-45.1,-54,10,1580,398252,367476,358200,30776,9276,357868,
2026-09-23,09:18:27,20260923T091827,4,BLE,baseline,1,nenhum,100,100,100,0.00,100.00,13.531,15.003,17.723,0.341,53.27,14.982,14.998,15.001,16.396,-49.9,-56,10,1580,398252,367476,358200,30776,9276,357868,
2026-09-23,09:18:27,20260923T091827,4,BLE,baseline,1,nenhum,200,100,100,0.00,100.00,14.823,15.004,17.963,0.299,106.52,14.977,14.998,14.999,15.029,-49.3,-57,10,1580,398252,367476,358200,30776,9276,357868,
2026-09-23,09:23:12,20260923T092312,1,ZIGBEE,baseline,1,nenhum,16,100,100,0.00,100.00,19.429,21.004,21.544,0.218,6.09,20.983,21.158,21.502,21.535,-46.2,-47,10,6061,398184,369044,368680,29140,364,368632,
2026-09-23,09:23:12,20260923T092312,1,ZIGBEE,baseline,1,nenhum,32,100,100,0.00,100.00,20.709,22.654,23.365,0.257,11.29,22.629,22.762,23.145,23.259,-45.9,-47,10,6061,398184,369044,368680,29140,364,368632,
2026-09-23,09:23:12,20260923T092312,2,ZIGBEE,baseline,1,nenhum,16,100,100,0.00,100.00,19.208,20.994,22.227,0.279,6.09,20.976,20.991,21.042,22.214,-45.9,-47,10,6061,398184,369044,368680,29140,364,368632,
2026-09-23,09:23:12,20260923T092312,2,ZIGBEE,baseline,1,nenhum,32,100,100,0.00,100.00,20.674,22.685,25.951,0.456,11.27,22.645,22.685,22.915,23.984,-46.5,-47,10,6061,398184,369044,368680,29140,364,368632,
2026-09-23,09:23:12,20260923T092312,3,ZIGBEE,baseline,1,nenhum,16,100,100,0.00,100.00,19.289,20.986,22.152,0.276,6.09,20.972,21.008,21.095,22.144,-46.8,-48,10,6061,398184,369044,368680,29140,364,368632,
2026-09-23,09:23:12,20260923T092312,3,ZIGBEE,baseline,1,nenhum,32,100,100,0.00,100.00,20.671,22.771,28.405,0.807,11.23,22.638,22.746,23.605,27.478,-46.3,-47,10,6061,398184,369044,368680,29140,364,368632,
2026-09-23,09:23:12,20260923T092312,4,ZIGBEE,baseline,1,nenhum,16,100,100,0.00,100.00,19.301,21.000,22.120,0.269,6.09,20.980,21.073,21.237,22.106,-46.1,-47,10,6061,398184,369044,368680,29140,364,368632,
2026-09-23,09:23:12,20260923T092312,4,ZIGBEE,baseline,1,nenhum,32,100,100,0.00,100.00,20.681,22.668,24.405,0.341,11.28,22.633,22.797,22.845,23.837,-45.8,-46,10,6061,398184,369044,368680,29140,364,368632,
